<?xml version="1.0" encoding="UTF-8"?>
<project-private xmlns="http://www.netbeans.org/ns/project-private/1">
    <editor-bookmarks xmlns="http://www.netbeans.org/ns/editor-bookmarks/2" lastBookmarkId="0"/>
    <open-files xmlns="http://www.netbeans.org/ns/projectui-open-files/2">
        <group>
            <file>file:/C:/Users/Hp/OneDrive/Documents/Semester%204/Prak_PBO/123220168_RifkyChandra_Perbaikan/src/Hewan/ModelTableHewan.java</file>
            <file>file:/C:/Users/Hp/OneDrive/Documents/Semester%204/Prak_PBO/123220168_RifkyChandra_Perbaikan/src/controller/HewanCon.java</file>
            <file>file:/C:/Users/Hp/OneDrive/Documents/Semester%204/Prak_PBO/123220168_RifkyChandra_Perbaikan/src/view/menu.java</file>
            <file>file:/C:/Users/Hp/OneDrive/Documents/Semester%204/Prak_PBO/123220168_RifkyChandra_Perbaikan/src/controller/PegawaiCon.java</file>
            <file>file:/C:/Users/Hp/OneDrive/Documents/Semester%204/Prak_PBO/123220168_RifkyChandra_Perbaikan/src/controller/TambahHewanCon.java</file>
            <file>file:/C:/Users/Hp/OneDrive/Documents/Semester%204/Prak_PBO/123220168_RifkyChandra_Perbaikan/src/Hewan/InterfaceHewan.java</file>
            <file>file:/C:/Users/Hp/OneDrive/Documents/Semester%204/Prak_PBO/123220168_RifkyChandra_Perbaikan/src/view/login.java</file>
            <file>file:/C:/Users/Hp/OneDrive/Documents/Semester%204/Prak_PBO/123220168_RifkyChandra_Perbaikan/src/Pegawai/InterfacePegawai.java</file>
            <file>file:/C:/Users/Hp/OneDrive/Documents/Semester%204/Prak_PBO/123220168_RifkyChandra_Perbaikan/src/controller/TabelHewan.java</file>
            <file>file:/C:/Users/Hp/OneDrive/Documents/Semester%204/Prak_PBO/123220168_RifkyChandra_Perbaikan/src/controller/TabelPegawai.java</file>
            <file>file:/C:/Users/Hp/OneDrive/Documents/Semester%204/Prak_PBO/123220168_RifkyChandra_Perbaikan/src/connector/connect.java</file>
            <file>file:/C:/Users/Hp/OneDrive/Documents/Semester%204/Prak_PBO/123220168_RifkyChandra_Perbaikan/src/Hewan/Hewan.java</file>
            <file>file:/C:/Users/Hp/OneDrive/Documents/Semester%204/Prak_PBO/123220168_RifkyChandra_Perbaikan/src/view/edithewan.java</file>
            <file>file:/C:/Users/Hp/OneDrive/Documents/Semester%204/Prak_PBO/123220168_RifkyChandra_Perbaikan/src/Pegawai/ModelPegawai.java</file>
            <file>file:/C:/Users/Hp/OneDrive/Documents/Semester%204/Prak_PBO/123220168_RifkyChandra_Perbaikan/src/view/Tambahhewan.java</file>
            <file>file:/C:/Users/Hp/OneDrive/Documents/Semester%204/Prak_PBO/123220168_RifkyChandra_Perbaikan/src/controller/EditCon.java</file>
            <file>file:/C:/Users/Hp/OneDrive/Documents/Semester%204/Prak_PBO/123220168_RifkyChandra_Perbaikan/src/view/pegawai.java</file>
            <file>file:/C:/Users/Hp/OneDrive/Documents/Semester%204/Prak_PBO/123220168_RifkyChandra_Perbaikan/src/view/hewan.java</file>
            <file>file:/C:/Users/Hp/OneDrive/Documents/Semester%204/Prak_PBO/123220168_RifkyChandra_Perbaikan/src/Hewan/ModelHewan.java</file>
            <file>file:/C:/Users/Hp/OneDrive/Documents/Semester%204/Prak_PBO/123220168_RifkyChandra_Perbaikan/src/Pegawai/ModelTablePegawai.java</file>
            <file>file:/C:/Users/Hp/OneDrive/Documents/Semester%204/Prak_PBO/123220168_RifkyChandra_Perbaikan/src/Pegawai/Pegawai.java</file>
        </group>
    </open-files>
</project-private>
